"Experiment","Community","Species","Specimens","Reads"
"1","E.0.A","E.0","Shelfordella_lateralis",1,252
"2","E.0.A","E.0","Gryllus_bimaculatus",1,767
"3","E.0.A","E.0","Gryllodes_sigillatus",1,2031
"4","E.0.A","E.0","Drosophila_yakuba",1,95
"5","E.0.A","E.0","Drosophila_hydei",1,17
"6","E.0.A","E.0","Hermetia_illucens",0,0
"7","E.0.A","E.0","Stick_insect",0,0
"8","E.0.A","E.0","Cryptolaemus_montrouzieri",0,0
"9","E.0.A","E.0","Dacnusa_sibirica",0,0
"10","E.0.A","E.0","Drosophila_melanogaster",0,0
"11","E.0.A","E.0","Aphidoletes_aphidimyza",0,0
"12","E.0.A","E.0","Encarsia_formosa",0,0
"13","E.0.B","E.0","Shelfordella_lateralis",1,782
"14","E.0.B","E.0","Gryllus_bimaculatus",1,1258
"15","E.0.B","E.0","Gryllodes_sigillatus",1,829
"16","E.0.B","E.0","Drosophila_yakuba",1,1357
"17","E.0.B","E.0","Drosophila_hydei",1,15
"18","E.0.B","E.0","Hermetia_illucens",0,0
"19","E.0.B","E.0","Stick_insect",0,0
"20","E.0.B","E.0","Cryptolaemus_montrouzieri",0,0
"21","E.0.B","E.0","Dacnusa_sibirica",0,0
"22","E.0.B","E.0","Drosophila_melanogaster",0,0
"23","E.0.B","E.0","Aphidoletes_aphidimyza",0,0
"24","E.0.B","E.0","Encarsia_formosa",0,0
"25","E.0.C","E.0","Shelfordella_lateralis",1,827
"26","E.0.C","E.0","Gryllus_bimaculatus",1,1885
"27","E.0.C","E.0","Gryllodes_sigillatus",1,358
"28","E.0.C","E.0","Drosophila_yakuba",1,1175
"29","E.0.C","E.0","Drosophila_hydei",1,14
"30","E.0.C","E.0","Hermetia_illucens",0,0
"31","E.0.C","E.0","Stick_insect",0,0
"32","E.0.C","E.0","Cryptolaemus_montrouzieri",0,0
"33","E.0.C","E.0","Dacnusa_sibirica",0,0
"34","E.0.C","E.0","Drosophila_melanogaster",0,0
"35","E.0.C","E.0","Aphidoletes_aphidimyza",0,0
"36","E.0.C","E.0","Encarsia_formosa",0,0
"37","E.0.D","E.0","Shelfordella_lateralis",1,929
"38","E.0.D","E.0","Gryllus_bimaculatus",1,1457
"39","E.0.D","E.0","Gryllodes_sigillatus",1,339
"40","E.0.D","E.0","Drosophila_yakuba",1,213
"41","E.0.D","E.0","Drosophila_hydei",1,37
"42","E.0.D","E.0","Hermetia_illucens",0,0
"43","E.0.D","E.0","Stick_insect",0,0
"44","E.0.D","E.0","Cryptolaemus_montrouzieri",0,0
"45","E.0.D","E.0","Dacnusa_sibirica",0,0
"46","E.0.D","E.0","Drosophila_melanogaster",0,0
"47","E.0.D","E.0","Aphidoletes_aphidimyza",0,0
"48","E.0.D","E.0","Encarsia_formosa",0,0
"49","E.0.F","E.0","Shelfordella_lateralis",1,2333
"50","E.0.F","E.0","Gryllus_bimaculatus",1,2642
"51","E.0.F","E.0","Gryllodes_sigillatus",1,1241
"52","E.0.F","E.0","Drosophila_yakuba",1,103
"53","E.0.F","E.0","Drosophila_hydei",1,33
"54","E.0.F","E.0","Hermetia_illucens",0,0
"55","E.0.F","E.0","Stick_insect",0,0
"56","E.0.F","E.0","Cryptolaemus_montrouzieri",0,0
"57","E.0.F","E.0","Dacnusa_sibirica",0,0
"58","E.0.F","E.0","Drosophila_melanogaster",0,0
"59","E.0.F","E.0","Aphidoletes_aphidimyza",0,0
"60","E.0.F","E.0","Encarsia_formosa",0,0
"61","E.0.G","E.0","Shelfordella_lateralis",1,1598
"62","E.0.G","E.0","Gryllus_bimaculatus",1,726
"63","E.0.G","E.0","Gryllodes_sigillatus",1,1367
"64","E.0.G","E.0","Drosophila_yakuba",1,152
"65","E.0.G","E.0","Drosophila_hydei",1,29
"66","E.0.G","E.0","Hermetia_illucens",0,0
"67","E.0.G","E.0","Stick_insect",0,0
"68","E.0.G","E.0","Cryptolaemus_montrouzieri",0,0
"69","E.0.G","E.0","Dacnusa_sibirica",0,0
"70","E.0.G","E.0","Drosophila_melanogaster",0,0
"71","E.0.G","E.0","Aphidoletes_aphidimyza",0,0
"72","E.0.G","E.0","Encarsia_formosa",0,0
"73","E.0.H","E.0","Shelfordella_lateralis",1,983
"74","E.0.H","E.0","Gryllus_bimaculatus",1,1712
"75","E.0.H","E.0","Gryllodes_sigillatus",1,757
"76","E.0.H","E.0","Drosophila_yakuba",1,714
"77","E.0.H","E.0","Drosophila_hydei",1,55
"78","E.0.H","E.0","Hermetia_illucens",0,0
"79","E.0.H","E.0","Stick_insect",0,0
"80","E.0.H","E.0","Cryptolaemus_montrouzieri",0,0
"81","E.0.H","E.0","Dacnusa_sibirica",0,0
"82","E.0.H","E.0","Drosophila_melanogaster",0,0
"83","E.0.H","E.0","Aphidoletes_aphidimyza",0,0
"84","E.0.H","E.0","Encarsia_formosa",0,0
"85","E.0.I","E.0","Shelfordella_lateralis",1,1360
"86","E.0.I","E.0","Gryllus_bimaculatus",1,1217
"87","E.0.I","E.0","Gryllodes_sigillatus",1,792
"88","E.0.I","E.0","Drosophila_yakuba",1,833
"89","E.0.I","E.0","Drosophila_hydei",1,260
"90","E.0.I","E.0","Hermetia_illucens",0,0
"91","E.0.I","E.0","Stick_insect",0,0
"92","E.0.I","E.0","Cryptolaemus_montrouzieri",0,0
"93","E.0.I","E.0","Dacnusa_sibirica",0,0
"94","E.0.I","E.0","Drosophila_melanogaster",0,0
"95","E.0.I","E.0","Aphidoletes_aphidimyza",0,0
"96","E.0.I","E.0","Encarsia_formosa",0,0
"97","E.0.J","E.0","Shelfordella_lateralis",1,604
"98","E.0.J","E.0","Gryllus_bimaculatus",1,1103
"99","E.0.J","E.0","Gryllodes_sigillatus",1,1402
"100","E.0.J","E.0","Drosophila_yakuba",1,371
"101","E.0.J","E.0","Drosophila_hydei",1,11
"102","E.0.J","E.0","Hermetia_illucens",0,0
"103","E.0.J","E.0","Stick_insect",0,0
"104","E.0.J","E.0","Cryptolaemus_montrouzieri",0,0
"105","E.0.J","E.0","Dacnusa_sibirica",0,0
"106","E.0.J","E.0","Drosophila_melanogaster",0,0
"107","E.0.J","E.0","Aphidoletes_aphidimyza",0,0
"108","E.0.J","E.0","Encarsia_formosa",0,0
"109","E.1.A","E.1","Shelfordella_lateralis",1,898
"110","E.1.A","E.1","Gryllus_bimaculatus",1,380
"111","E.1.A","E.1","Gryllodes_sigillatus",1,200
"112","E.1.A","E.1","Drosophila_yakuba",1,982
"113","E.1.A","E.1","Drosophila_hydei",1,16
"114","E.1.A","E.1","Hermetia_illucens",0,0
"115","E.1.A","E.1","Stick_insect",0,0
"116","E.1.A","E.1","Cryptolaemus_montrouzieri",1,135
"117","E.1.A","E.1","Dacnusa_sibirica",0,0
"118","E.1.A","E.1","Drosophila_melanogaster",0,0
"119","E.1.A","E.1","Aphidoletes_aphidimyza",0,0
"120","E.1.A","E.1","Encarsia_formosa",0,0
"121","E.1.B","E.1","Shelfordella_lateralis",1,3079
"122","E.1.B","E.1","Gryllus_bimaculatus",1,2785
"123","E.1.B","E.1","Gryllodes_sigillatus",1,2259
"124","E.1.B","E.1","Drosophila_yakuba",1,263
"125","E.1.B","E.1","Drosophila_hydei",1,47
"126","E.1.B","E.1","Hermetia_illucens",0,0
"127","E.1.B","E.1","Stick_insect",0,0
"128","E.1.B","E.1","Cryptolaemus_montrouzieri",1,24
"129","E.1.B","E.1","Dacnusa_sibirica",0,0
"130","E.1.B","E.1","Drosophila_melanogaster",0,0
"131","E.1.B","E.1","Aphidoletes_aphidimyza",0,0
"132","E.1.B","E.1","Encarsia_formosa",0,0
"133","E.1.C","E.1","Shelfordella_lateralis",1,1640
"134","E.1.C","E.1","Gryllus_bimaculatus",1,2887
"135","E.1.C","E.1","Gryllodes_sigillatus",1,638
"136","E.1.C","E.1","Drosophila_yakuba",1,409
"137","E.1.C","E.1","Drosophila_hydei",1,85
"138","E.1.C","E.1","Hermetia_illucens",0,0
"139","E.1.C","E.1","Stick_insect",0,0
"140","E.1.C","E.1","Cryptolaemus_montrouzieri",1,330
"141","E.1.C","E.1","Dacnusa_sibirica",0,0
"142","E.1.C","E.1","Drosophila_melanogaster",0,0
"143","E.1.C","E.1","Aphidoletes_aphidimyza",0,0
"144","E.1.C","E.1","Encarsia_formosa",0,0
"145","E.10.A","E.10","Shelfordella_lateralis",1,505
"146","E.10.A","E.10","Gryllus_bimaculatus",1,1014
"147","E.10.A","E.10","Gryllodes_sigillatus",1,629
"148","E.10.A","E.10","Drosophila_yakuba",1,432
"149","E.10.A","E.10","Drosophila_hydei",1,106
"150","E.10.A","E.10","Hermetia_illucens",1,0
"151","E.10.A","E.10","Stick_insect",0,0
"152","E.10.A","E.10","Cryptolaemus_montrouzieri",0,0
"153","E.10.A","E.10","Dacnusa_sibirica",1,41
"154","E.10.A","E.10","Drosophila_melanogaster",5,262
"155","E.10.A","E.10","Aphidoletes_aphidimyza",1,61
"156","E.10.A","E.10","Encarsia_formosa",0,0
"157","E.10.B","E.10","Shelfordella_lateralis",1,518
"158","E.10.B","E.10","Gryllus_bimaculatus",1,1309
"159","E.10.B","E.10","Gryllodes_sigillatus",1,1174
"160","E.10.B","E.10","Drosophila_yakuba",1,133
"161","E.10.B","E.10","Drosophila_hydei",1,48
"162","E.10.B","E.10","Hermetia_illucens",1,12
"163","E.10.B","E.10","Stick_insect",0,0
"164","E.10.B","E.10","Cryptolaemus_montrouzieri",0,0
"165","E.10.B","E.10","Dacnusa_sibirica",1,93
"166","E.10.B","E.10","Drosophila_melanogaster",5,1571
"167","E.10.B","E.10","Aphidoletes_aphidimyza",1,259
"168","E.10.B","E.10","Encarsia_formosa",0,0
"169","E.10.C","E.10","Shelfordella_lateralis",1,1542
"170","E.10.C","E.10","Gryllus_bimaculatus",1,978
"171","E.10.C","E.10","Gryllodes_sigillatus",1,1034
"172","E.10.C","E.10","Drosophila_yakuba",1,96
"173","E.10.C","E.10","Drosophila_hydei",1,79
"174","E.10.C","E.10","Hermetia_illucens",1,10
"175","E.10.C","E.10","Stick_insect",0,0
"176","E.10.C","E.10","Cryptolaemus_montrouzieri",0,0
"177","E.10.C","E.10","Dacnusa_sibirica",1,109
"178","E.10.C","E.10","Drosophila_melanogaster",5,1459
"179","E.10.C","E.10","Aphidoletes_aphidimyza",1,107
"180","E.10.C","E.10","Encarsia_formosa",0,0
"181","E.11.A","E.11","Shelfordella_lateralis",1,1122
"182","E.11.A","E.11","Gryllus_bimaculatus",1,1548
"183","E.11.A","E.11","Gryllodes_sigillatus",1,1179
"184","E.11.A","E.11","Drosophila_yakuba",1,272
"185","E.11.A","E.11","Drosophila_hydei",1,21
"186","E.11.A","E.11","Hermetia_illucens",0,0
"187","E.11.A","E.11","Stick_insect",1,266
"188","E.11.A","E.11","Cryptolaemus_montrouzieri",2,292
"189","E.11.A","E.11","Dacnusa_sibirica",0,0
"190","E.11.A","E.11","Drosophila_melanogaster",5,767
"191","E.11.A","E.11","Aphidoletes_aphidimyza",1,44
"192","E.11.A","E.11","Encarsia_formosa",0,0
"193","E.11.B","E.11","Shelfordella_lateralis",1,860
"194","E.11.B","E.11","Gryllus_bimaculatus",1,1223
"195","E.11.B","E.11","Gryllodes_sigillatus",1,223
"196","E.11.B","E.11","Drosophila_yakuba",1,19
"197","E.11.B","E.11","Drosophila_hydei",1,19
"198","E.11.B","E.11","Hermetia_illucens",0,0
"199","E.11.B","E.11","Stick_insect",1,791
"200","E.11.B","E.11","Cryptolaemus_montrouzieri",2,146
"201","E.11.B","E.11","Dacnusa_sibirica",0,0
"202","E.11.B","E.11","Drosophila_melanogaster",5,115
"203","E.11.B","E.11","Aphidoletes_aphidimyza",1,125
"204","E.11.B","E.11","Encarsia_formosa",0,0
"205","E.11.C","E.11","Shelfordella_lateralis",1,665
"206","E.11.C","E.11","Gryllus_bimaculatus",1,350
"207","E.11.C","E.11","Gryllodes_sigillatus",1,908
"208","E.11.C","E.11","Drosophila_yakuba",1,52
"209","E.11.C","E.11","Drosophila_hydei",1,159
"210","E.11.C","E.11","Hermetia_illucens",0,0
"211","E.11.C","E.11","Stick_insect",1,214
"212","E.11.C","E.11","Cryptolaemus_montrouzieri",2,367
"213","E.11.C","E.11","Dacnusa_sibirica",0,0
"214","E.11.C","E.11","Drosophila_melanogaster",5,1235
"215","E.11.C","E.11","Aphidoletes_aphidimyza",1,84
"216","E.11.C","E.11","Encarsia_formosa",0,0
"217","E.12.A","E.12","Shelfordella_lateralis",1,773
"218","E.12.A","E.12","Gryllus_bimaculatus",1,1015
"219","E.12.A","E.12","Gryllodes_sigillatus",1,334
"220","E.12.A","E.12","Drosophila_yakuba",1,285
"221","E.12.A","E.12","Drosophila_hydei",1,9
"222","E.12.A","E.12","Hermetia_illucens",0,0
"223","E.12.A","E.12","Stick_insect",1,290
"224","E.12.A","E.12","Cryptolaemus_montrouzieri",5,798
"225","E.12.A","E.12","Dacnusa_sibirica",5,185
"226","E.12.A","E.12","Drosophila_melanogaster",3,58
"227","E.12.A","E.12","Aphidoletes_aphidimyza",2,123
"228","E.12.A","E.12","Encarsia_formosa",0,0
"229","E.12.B","E.12","Shelfordella_lateralis",1,583
"230","E.12.B","E.12","Gryllus_bimaculatus",1,2368
"231","E.12.B","E.12","Gryllodes_sigillatus",1,642
"232","E.12.B","E.12","Drosophila_yakuba",1,341
"233","E.12.B","E.12","Drosophila_hydei",1,19
"234","E.12.B","E.12","Hermetia_illucens",0,0
"235","E.12.B","E.12","Stick_insect",1,1875
"236","E.12.B","E.12","Cryptolaemus_montrouzieri",5,591
"237","E.12.B","E.12","Dacnusa_sibirica",5,111
"238","E.12.B","E.12","Drosophila_melanogaster",3,287
"239","E.12.B","E.12","Aphidoletes_aphidimyza",2,145
"240","E.12.B","E.12","Encarsia_formosa",0,0
"241","E.12.C","E.12","Shelfordella_lateralis",1,246
"242","E.12.C","E.12","Gryllus_bimaculatus",1,321
"243","E.12.C","E.12","Gryllodes_sigillatus",1,854
"244","E.12.C","E.12","Drosophila_yakuba",1,97
"245","E.12.C","E.12","Drosophila_hydei",1,30
"246","E.12.C","E.12","Hermetia_illucens",0,0
"247","E.12.C","E.12","Stick_insect",1,460
"248","E.12.C","E.12","Cryptolaemus_montrouzieri",5,400
"249","E.12.C","E.12","Dacnusa_sibirica",5,443
"250","E.12.C","E.12","Drosophila_melanogaster",3,268
"251","E.12.C","E.12","Aphidoletes_aphidimyza",2,380
"252","E.12.C","E.12","Encarsia_formosa",0,0
"253","E.13.A","E.13","Shelfordella_lateralis",1,835
"254","E.13.A","E.13","Gryllus_bimaculatus",1,390
"255","E.13.A","E.13","Gryllodes_sigillatus",1,919
"256","E.13.A","E.13","Drosophila_yakuba",1,403
"257","E.13.A","E.13","Drosophila_hydei",1,17
"258","E.13.A","E.13","Hermetia_illucens",0,0
"259","E.13.A","E.13","Stick_insect",0,0
"260","E.13.A","E.13","Cryptolaemus_montrouzieri",3,373
"261","E.13.A","E.13","Dacnusa_sibirica",5,134
"262","E.13.A","E.13","Drosophila_melanogaster",3,354
"263","E.13.A","E.13","Aphidoletes_aphidimyza",2,282
"264","E.13.A","E.13","Encarsia_formosa",2,51
"265","E.13.B","E.13","Shelfordella_lateralis",1,804
"266","E.13.B","E.13","Gryllus_bimaculatus",1,966
"267","E.13.B","E.13","Gryllodes_sigillatus",1,496
"268","E.13.B","E.13","Drosophila_yakuba",1,170
"269","E.13.B","E.13","Drosophila_hydei",1,21
"270","E.13.B","E.13","Hermetia_illucens",0,0
"271","E.13.B","E.13","Stick_insect",0,0
"272","E.13.B","E.13","Cryptolaemus_montrouzieri",3,207
"273","E.13.B","E.13","Dacnusa_sibirica",5,302
"274","E.13.B","E.13","Drosophila_melanogaster",3,100
"275","E.13.B","E.13","Aphidoletes_aphidimyza",2,255
"276","E.13.B","E.13","Encarsia_formosa",2,60
"277","E.13.C","E.13","Shelfordella_lateralis",1,2809
"278","E.13.C","E.13","Gryllus_bimaculatus",1,518
"279","E.13.C","E.13","Gryllodes_sigillatus",1,1019
"280","E.13.C","E.13","Drosophila_yakuba",1,19
"281","E.13.C","E.13","Drosophila_hydei",1,20
"282","E.13.C","E.13","Hermetia_illucens",0,0
"283","E.13.C","E.13","Stick_insect",0,0
"284","E.13.C","E.13","Cryptolaemus_montrouzieri",3,775
"285","E.13.C","E.13","Dacnusa_sibirica",5,1438
"286","E.13.C","E.13","Drosophila_melanogaster",3,567
"287","E.13.C","E.13","Aphidoletes_aphidimyza",2,557
"288","E.13.C","E.13","Encarsia_formosa",2,341
"289","E.14.A","E.14","Shelfordella_lateralis",1,850
"290","E.14.A","E.14","Gryllus_bimaculatus",1,943
"291","E.14.A","E.14","Gryllodes_sigillatus",1,1359
"292","E.14.A","E.14","Drosophila_yakuba",1,849
"293","E.14.A","E.14","Drosophila_hydei",1,31
"294","E.14.A","E.14","Hermetia_illucens",2,206
"295","E.14.A","E.14","Stick_insect",0,0
"296","E.14.A","E.14","Cryptolaemus_montrouzieri",1,570
"297","E.14.A","E.14","Dacnusa_sibirica",3,274
"298","E.14.A","E.14","Drosophila_melanogaster",5,1013
"299","E.14.A","E.14","Aphidoletes_aphidimyza",1,118
"300","E.14.A","E.14","Encarsia_formosa",0,0
"301","E.14.B","E.14","Shelfordella_lateralis",1,2308
"302","E.14.B","E.14","Gryllus_bimaculatus",1,2012
"303","E.14.B","E.14","Gryllodes_sigillatus",1,1523
"304","E.14.B","E.14","Drosophila_yakuba",1,95
"305","E.14.B","E.14","Drosophila_hydei",1,24
"306","E.14.B","E.14","Hermetia_illucens",2,17
"307","E.14.B","E.14","Stick_insect",0,0
"308","E.14.B","E.14","Cryptolaemus_montrouzieri",1,171
"309","E.14.B","E.14","Dacnusa_sibirica",3,234
"310","E.14.B","E.14","Drosophila_melanogaster",5,631
"311","E.14.B","E.14","Aphidoletes_aphidimyza",1,124
"312","E.14.B","E.14","Encarsia_formosa",0,0
"313","E.14.C","E.14","Shelfordella_lateralis",1,282
"314","E.14.C","E.14","Gryllus_bimaculatus",1,820
"315","E.14.C","E.14","Gryllodes_sigillatus",1,1219
"316","E.14.C","E.14","Drosophila_yakuba",1,180
"317","E.14.C","E.14","Drosophila_hydei",1,0
"318","E.14.C","E.14","Hermetia_illucens",2,178
"319","E.14.C","E.14","Stick_insect",0,0
"320","E.14.C","E.14","Cryptolaemus_montrouzieri",1,153
"321","E.14.C","E.14","Dacnusa_sibirica",3,326
"322","E.14.C","E.14","Drosophila_melanogaster",5,223
"323","E.14.C","E.14","Aphidoletes_aphidimyza",1,121
"324","E.14.C","E.14","Encarsia_formosa",0,0
"325","E.15.A","E.15","Shelfordella_lateralis",1,2404
"326","E.15.A","E.15","Gryllus_bimaculatus",1,1883
"327","E.15.A","E.15","Gryllodes_sigillatus",1,2001
"328","E.15.A","E.15","Drosophila_yakuba",1,2076
"329","E.15.A","E.15","Drosophila_hydei",1,80
"330","E.15.A","E.15","Hermetia_illucens",1,53
"331","E.15.A","E.15","Stick_insect",1,265
"332","E.15.A","E.15","Cryptolaemus_montrouzieri",2,248
"333","E.15.A","E.15","Dacnusa_sibirica",5,436
"334","E.15.A","E.15","Drosophila_melanogaster",2,716
"335","E.15.A","E.15","Aphidoletes_aphidimyza",1,121
"336","E.15.A","E.15","Encarsia_formosa",0,0
"337","E.15.B","E.15","Shelfordella_lateralis",1,2475
"338","E.15.B","E.15","Gryllus_bimaculatus",1,1848
"339","E.15.B","E.15","Gryllodes_sigillatus",1,2114
"340","E.15.B","E.15","Drosophila_yakuba",1,1810
"341","E.15.B","E.15","Drosophila_hydei",1,0
"342","E.15.B","E.15","Hermetia_illucens",1,7
"343","E.15.B","E.15","Stick_insect",1,1513
"344","E.15.B","E.15","Cryptolaemus_montrouzieri",2,763
"345","E.15.B","E.15","Dacnusa_sibirica",5,2007
"346","E.15.B","E.15","Drosophila_melanogaster",2,1303
"347","E.15.B","E.15","Aphidoletes_aphidimyza",1,510
"348","E.15.B","E.15","Encarsia_formosa",0,0
"349","E.15.C","E.15","Shelfordella_lateralis",1,3025
"350","E.15.C","E.15","Gryllus_bimaculatus",1,1153
"351","E.15.C","E.15","Gryllodes_sigillatus",1,799
"352","E.15.C","E.15","Drosophila_yakuba",1,1250
"353","E.15.C","E.15","Drosophila_hydei",1,130
"354","E.15.C","E.15","Hermetia_illucens",1,13
"355","E.15.C","E.15","Stick_insect",1,5052
"356","E.15.C","E.15","Cryptolaemus_montrouzieri",2,578
"357","E.15.C","E.15","Dacnusa_sibirica",5,2075
"358","E.15.C","E.15","Drosophila_melanogaster",2,950
"359","E.15.C","E.15","Aphidoletes_aphidimyza",1,422
"360","E.15.C","E.15","Encarsia_formosa",0,0
"361","E.16.A","E.16","Shelfordella_lateralis",1,1174
"362","E.16.A","E.16","Gryllus_bimaculatus",1,402
"363","E.16.A","E.16","Gryllodes_sigillatus",1,1411
"364","E.16.A","E.16","Drosophila_yakuba",1,980
"365","E.16.A","E.16","Drosophila_hydei",1,22
"366","E.16.A","E.16","Hermetia_illucens",0,0
"367","E.16.A","E.16","Stick_insect",1,1374
"368","E.16.A","E.16","Cryptolaemus_montrouzieri",3,199
"369","E.16.A","E.16","Dacnusa_sibirica",8,1412
"370","E.16.A","E.16","Drosophila_melanogaster",2,49
"371","E.16.A","E.16","Aphidoletes_aphidimyza",3,1513
"372","E.16.A","E.16","Encarsia_formosa",1,135
"373","E.16.B","E.16","Shelfordella_lateralis",1,731
"374","E.16.B","E.16","Gryllus_bimaculatus",1,1552
"375","E.16.B","E.16","Gryllodes_sigillatus",1,344
"376","E.16.B","E.16","Drosophila_yakuba",1,1237
"377","E.16.B","E.16","Drosophila_hydei",1,19
"378","E.16.B","E.16","Hermetia_illucens",0,0
"379","E.16.B","E.16","Stick_insect",1,350
"380","E.16.B","E.16","Cryptolaemus_montrouzieri",3,417
"381","E.16.B","E.16","Dacnusa_sibirica",8,182
"382","E.16.B","E.16","Drosophila_melanogaster",2,85
"383","E.16.B","E.16","Aphidoletes_aphidimyza",3,282
"384","E.16.B","E.16","Encarsia_formosa",1,0
"385","E.16.C","E.16","Shelfordella_lateralis",1,94
"386","E.16.C","E.16","Gryllus_bimaculatus",1,55
"387","E.16.C","E.16","Gryllodes_sigillatus",1,56
"388","E.16.C","E.16","Drosophila_yakuba",1,2
"389","E.16.C","E.16","Drosophila_hydei",1,0
"390","E.16.C","E.16","Hermetia_illucens",0,0
"391","E.16.C","E.16","Stick_insect",1,147
"392","E.16.C","E.16","Cryptolaemus_montrouzieri",3,6
"393","E.16.C","E.16","Dacnusa_sibirica",8,0
"394","E.16.C","E.16","Drosophila_melanogaster",2,16
"395","E.16.C","E.16","Aphidoletes_aphidimyza",3,0
"396","E.16.C","E.16","Encarsia_formosa",1,0
"397","E.2.A","E.2","Shelfordella_lateralis",1,911
"398","E.2.A","E.2","Gryllus_bimaculatus",1,751
"399","E.2.A","E.2","Gryllodes_sigillatus",1,628
"400","E.2.A","E.2","Drosophila_yakuba",1,155
"401","E.2.A","E.2","Drosophila_hydei",1,33
"402","E.2.A","E.2","Hermetia_illucens",0,0
"403","E.2.A","E.2","Stick_insect",0,0
"404","E.2.A","E.2","Cryptolaemus_montrouzieri",0,0
"405","E.2.A","E.2","Dacnusa_sibirica",1,879
"406","E.2.A","E.2","Drosophila_melanogaster",0,0
"407","E.2.A","E.2","Aphidoletes_aphidimyza",0,0
"408","E.2.A","E.2","Encarsia_formosa",0,0
"409","E.2.B","E.2","Shelfordella_lateralis",1,923
"410","E.2.B","E.2","Gryllus_bimaculatus",1,432
"411","E.2.B","E.2","Gryllodes_sigillatus",1,1481
"412","E.2.B","E.2","Drosophila_yakuba",1,38
"413","E.2.B","E.2","Drosophila_hydei",1,14
"414","E.2.B","E.2","Hermetia_illucens",0,0
"415","E.2.B","E.2","Stick_insect",0,0
"416","E.2.B","E.2","Cryptolaemus_montrouzieri",0,0
"417","E.2.B","E.2","Dacnusa_sibirica",1,112
"418","E.2.B","E.2","Drosophila_melanogaster",0,0
"419","E.2.B","E.2","Aphidoletes_aphidimyza",0,0
"420","E.2.B","E.2","Encarsia_formosa",0,0
"421","E.2.C","E.2","Shelfordella_lateralis",1,1406
"422","E.2.C","E.2","Gryllus_bimaculatus",1,1074
"423","E.2.C","E.2","Gryllodes_sigillatus",1,468
"424","E.2.C","E.2","Drosophila_yakuba",1,321
"425","E.2.C","E.2","Drosophila_hydei",1,211
"426","E.2.C","E.2","Hermetia_illucens",0,0
"427","E.2.C","E.2","Stick_insect",0,0
"428","E.2.C","E.2","Cryptolaemus_montrouzieri",0,0
"429","E.2.C","E.2","Dacnusa_sibirica",1,382
"430","E.2.C","E.2","Drosophila_melanogaster",0,0
"431","E.2.C","E.2","Aphidoletes_aphidimyza",0,0
"432","E.2.C","E.2","Encarsia_formosa",0,0
"433","E.3.A","E.3","Shelfordella_lateralis",1,1770
"434","E.3.A","E.3","Gryllus_bimaculatus",1,820
"435","E.3.A","E.3","Gryllodes_sigillatus",1,1820
"436","E.3.A","E.3","Drosophila_yakuba",1,440
"437","E.3.A","E.3","Drosophila_hydei",1,50
"438","E.3.A","E.3","Hermetia_illucens",0,0
"439","E.3.A","E.3","Stick_insect",0,0
"440","E.3.A","E.3","Cryptolaemus_montrouzieri",0,0
"441","E.3.A","E.3","Dacnusa_sibirica",0,0
"442","E.3.A","E.3","Drosophila_melanogaster",0,0
"443","E.3.A","E.3","Aphidoletes_aphidimyza",1,151
"444","E.3.A","E.3","Encarsia_formosa",0,0
"445","E.3.B","E.3","Shelfordella_lateralis",1,1346
"446","E.3.B","E.3","Gryllus_bimaculatus",1,176
"447","E.3.B","E.3","Gryllodes_sigillatus",1,950
"448","E.3.B","E.3","Drosophila_yakuba",1,32
"449","E.3.B","E.3","Drosophila_hydei",1,0
"450","E.3.B","E.3","Hermetia_illucens",0,0
"451","E.3.B","E.3","Stick_insect",0,0
"452","E.3.B","E.3","Cryptolaemus_montrouzieri",0,0
"453","E.3.B","E.3","Dacnusa_sibirica",0,0
"454","E.3.B","E.3","Drosophila_melanogaster",0,0
"455","E.3.B","E.3","Aphidoletes_aphidimyza",1,201
"456","E.3.B","E.3","Encarsia_formosa",0,0
"457","E.3.C","E.3","Shelfordella_lateralis",1,901
"458","E.3.C","E.3","Gryllus_bimaculatus",1,1456
"459","E.3.C","E.3","Gryllodes_sigillatus",1,526
"460","E.3.C","E.3","Drosophila_yakuba",1,305
"461","E.3.C","E.3","Drosophila_hydei",1,171
"462","E.3.C","E.3","Hermetia_illucens",0,0
"463","E.3.C","E.3","Stick_insect",0,0
"464","E.3.C","E.3","Cryptolaemus_montrouzieri",0,0
"465","E.3.C","E.3","Dacnusa_sibirica",0,0
"466","E.3.C","E.3","Drosophila_melanogaster",0,0
"467","E.3.C","E.3","Aphidoletes_aphidimyza",1,151
"468","E.3.C","E.3","Encarsia_formosa",0,0
"469","E.4.A","E.4","Shelfordella_lateralis",1,790
"470","E.4.A","E.4","Gryllus_bimaculatus",1,899
"471","E.4.A","E.4","Gryllodes_sigillatus",1,585
"472","E.4.A","E.4","Drosophila_yakuba",1,26
"473","E.4.A","E.4","Drosophila_hydei",1,28
"474","E.4.A","E.4","Hermetia_illucens",0,0
"475","E.4.A","E.4","Stick_insect",0,0
"476","E.4.A","E.4","Cryptolaemus_montrouzieri",0,0
"477","E.4.A","E.4","Dacnusa_sibirica",1,59
"478","E.4.A","E.4","Drosophila_melanogaster",0,0
"479","E.4.A","E.4","Aphidoletes_aphidimyza",1,192
"480","E.4.A","E.4","Encarsia_formosa",1,53
"481","E.4.B","E.4","Shelfordella_lateralis",1,1720
"482","E.4.B","E.4","Gryllus_bimaculatus",1,1872
"483","E.4.B","E.4","Gryllodes_sigillatus",1,1425
"484","E.4.B","E.4","Drosophila_yakuba",1,45
"485","E.4.B","E.4","Drosophila_hydei",1,53
"486","E.4.B","E.4","Hermetia_illucens",0,0
"487","E.4.B","E.4","Stick_insect",0,0
"488","E.4.B","E.4","Cryptolaemus_montrouzieri",0,0
"489","E.4.B","E.4","Dacnusa_sibirica",1,17
"490","E.4.B","E.4","Drosophila_melanogaster",0,0
"491","E.4.B","E.4","Aphidoletes_aphidimyza",1,447
"492","E.4.B","E.4","Encarsia_formosa",1,27
"493","E.4.C","E.4","Shelfordella_lateralis",1,745
"494","E.4.C","E.4","Gryllus_bimaculatus",1,1416
"495","E.4.C","E.4","Gryllodes_sigillatus",1,651
"496","E.4.C","E.4","Drosophila_yakuba",1,120
"497","E.4.C","E.4","Drosophila_hydei",1,37
"498","E.4.C","E.4","Hermetia_illucens",0,0
"499","E.4.C","E.4","Stick_insect",0,0
"500","E.4.C","E.4","Cryptolaemus_montrouzieri",0,0
"501","E.4.C","E.4","Dacnusa_sibirica",1,101
"502","E.4.C","E.4","Drosophila_melanogaster",0,0
"503","E.4.C","E.4","Aphidoletes_aphidimyza",1,205
"504","E.4.C","E.4","Encarsia_formosa",1,36
"505","E.5.A","E.5","Shelfordella_lateralis",1,1688
"506","E.5.A","E.5","Gryllus_bimaculatus",1,885
"507","E.5.A","E.5","Gryllodes_sigillatus",1,2449
"508","E.5.A","E.5","Drosophila_yakuba",1,436
"509","E.5.A","E.5","Drosophila_hydei",1,32
"510","E.5.A","E.5","Hermetia_illucens",0,0
"511","E.5.A","E.5","Stick_insect",0,0
"512","E.5.A","E.5","Cryptolaemus_montrouzieri",1,93
"513","E.5.A","E.5","Dacnusa_sibirica",0,0
"514","E.5.A","E.5","Drosophila_melanogaster",1,4
"515","E.5.A","E.5","Aphidoletes_aphidimyza",1,200
"516","E.5.A","E.5","Encarsia_formosa",0,0
"517","E.5.B","E.5","Shelfordella_lateralis",1,708
"518","E.5.B","E.5","Gryllus_bimaculatus",1,354
"519","E.5.B","E.5","Gryllodes_sigillatus",1,704
"520","E.5.B","E.5","Drosophila_yakuba",1,85
"521","E.5.B","E.5","Drosophila_hydei",1,37
"522","E.5.B","E.5","Hermetia_illucens",0,0
"523","E.5.B","E.5","Stick_insect",0,0
"524","E.5.B","E.5","Cryptolaemus_montrouzieri",1,182
"525","E.5.B","E.5","Dacnusa_sibirica",0,0
"526","E.5.B","E.5","Drosophila_melanogaster",1,271
"527","E.5.B","E.5","Aphidoletes_aphidimyza",1,165
"528","E.5.B","E.5","Encarsia_formosa",0,0
"529","E.5.C","E.5","Shelfordella_lateralis",1,1069
"530","E.5.C","E.5","Gryllus_bimaculatus",1,809
"531","E.5.C","E.5","Gryllodes_sigillatus",1,892
"532","E.5.C","E.5","Drosophila_yakuba",1,194
"533","E.5.C","E.5","Drosophila_hydei",1,125
"534","E.5.C","E.5","Hermetia_illucens",0,0
"535","E.5.C","E.5","Stick_insect",0,0
"536","E.5.C","E.5","Cryptolaemus_montrouzieri",1,13
"537","E.5.C","E.5","Dacnusa_sibirica",0,0
"538","E.5.C","E.5","Drosophila_melanogaster",1,793
"539","E.5.C","E.5","Aphidoletes_aphidimyza",1,116
"540","E.5.C","E.5","Encarsia_formosa",0,0
"541","E.6.A","E.6","Shelfordella_lateralis",1,544
"542","E.6.A","E.6","Gryllus_bimaculatus",1,232
"543","E.6.A","E.6","Gryllodes_sigillatus",1,728
"544","E.6.A","E.6","Drosophila_yakuba",1,291
"545","E.6.A","E.6","Drosophila_hydei",1,9
"546","E.6.A","E.6","Hermetia_illucens",1,35
"547","E.6.A","E.6","Stick_insect",0,0
"548","E.6.A","E.6","Cryptolaemus_montrouzieri",0,0
"549","E.6.A","E.6","Dacnusa_sibirica",3,298
"550","E.6.A","E.6","Drosophila_melanogaster",2,2750
"551","E.6.A","E.6","Aphidoletes_aphidimyza",0,0
"552","E.6.A","E.6","Encarsia_formosa",0,0
"553","E.6.B","E.6","Shelfordella_lateralis",1,986
"554","E.6.B","E.6","Gryllus_bimaculatus",1,508
"555","E.6.B","E.6","Gryllodes_sigillatus",1,1634
"556","E.6.B","E.6","Drosophila_yakuba",1,232
"557","E.6.B","E.6","Drosophila_hydei",1,36
"558","E.6.B","E.6","Hermetia_illucens",1,30
"559","E.6.B","E.6","Stick_insect",0,0
"560","E.6.B","E.6","Cryptolaemus_montrouzieri",0,0
"561","E.6.B","E.6","Dacnusa_sibirica",3,360
"562","E.6.B","E.6","Drosophila_melanogaster",2,120
"563","E.6.B","E.6","Aphidoletes_aphidimyza",0,0
"564","E.6.B","E.6","Encarsia_formosa",0,0
"565","E.6.C","E.6","Shelfordella_lateralis",1,1260
"566","E.6.C","E.6","Gryllus_bimaculatus",1,1097
"567","E.6.C","E.6","Gryllodes_sigillatus",1,818
"568","E.6.C","E.6","Drosophila_yakuba",1,590
"569","E.6.C","E.6","Drosophila_hydei",1,43
"570","E.6.C","E.6","Hermetia_illucens",1,22
"571","E.6.C","E.6","Stick_insect",0,0
"572","E.6.C","E.6","Cryptolaemus_montrouzieri",0,0
"573","E.6.C","E.6","Dacnusa_sibirica",3,1178
"574","E.6.C","E.6","Drosophila_melanogaster",2,1288
"575","E.6.C","E.6","Aphidoletes_aphidimyza",0,0
"576","E.6.C","E.6","Encarsia_formosa",0,0
"577","E.7.A","E.7","Shelfordella_lateralis",1,2257
"578","E.7.A","E.7","Gryllus_bimaculatus",1,673
"579","E.7.A","E.7","Gryllodes_sigillatus",1,919
"580","E.7.A","E.7","Drosophila_yakuba",1,568
"581","E.7.A","E.7","Drosophila_hydei",1,19
"582","E.7.A","E.7","Hermetia_illucens",0,0
"583","E.7.A","E.7","Stick_insect",0,0
"584","E.7.A","E.7","Cryptolaemus_montrouzieri",0,0
"585","E.7.A","E.7","Dacnusa_sibirica",2,447
"586","E.7.A","E.7","Drosophila_melanogaster",2,207
"587","E.7.A","E.7","Aphidoletes_aphidimyza",0,0
"588","E.7.A","E.7","Encarsia_formosa",9,356
"589","E.7.B","E.7","Shelfordella_lateralis",1,1387
"590","E.7.B","E.7","Gryllus_bimaculatus",1,348
"591","E.7.B","E.7","Gryllodes_sigillatus",1,1079
"592","E.7.B","E.7","Drosophila_yakuba",1,328
"593","E.7.B","E.7","Drosophila_hydei",1,17
"594","E.7.B","E.7","Hermetia_illucens",0,0
"595","E.7.B","E.7","Stick_insect",0,0
"596","E.7.B","E.7","Cryptolaemus_montrouzieri",0,0
"597","E.7.B","E.7","Dacnusa_sibirica",2,216
"598","E.7.B","E.7","Drosophila_melanogaster",2,579
"599","E.7.B","E.7","Aphidoletes_aphidimyza",0,0
"600","E.7.B","E.7","Encarsia_formosa",9,303
"601","E.7.C","E.7","Shelfordella_lateralis",1,1351
"602","E.7.C","E.7","Gryllus_bimaculatus",1,1158
"603","E.7.C","E.7","Gryllodes_sigillatus",1,1912
"604","E.7.C","E.7","Drosophila_yakuba",1,358
"605","E.7.C","E.7","Drosophila_hydei",1,30
"606","E.7.C","E.7","Hermetia_illucens",0,0
"607","E.7.C","E.7","Stick_insect",0,0
"608","E.7.C","E.7","Cryptolaemus_montrouzieri",0,0
"609","E.7.C","E.7","Dacnusa_sibirica",2,326
"610","E.7.C","E.7","Drosophila_melanogaster",2,80
"611","E.7.C","E.7","Aphidoletes_aphidimyza",0,0
"612","E.7.C","E.7","Encarsia_formosa",9,317
"613","E.8.A","E.8","Shelfordella_lateralis",1,784
"614","E.8.A","E.8","Gryllus_bimaculatus",1,1158
"615","E.8.A","E.8","Gryllodes_sigillatus",1,530
"616","E.8.A","E.8","Drosophila_yakuba",1,373
"617","E.8.A","E.8","Drosophila_hydei",1,0
"618","E.8.A","E.8","Hermetia_illucens",0,0
"619","E.8.A","E.8","Stick_insect",1,1031
"620","E.8.A","E.8","Cryptolaemus_montrouzieri",0,0
"621","E.8.A","E.8","Dacnusa_sibirica",1,548
"622","E.8.A","E.8","Drosophila_melanogaster",3,1205
"623","E.8.A","E.8","Aphidoletes_aphidimyza",1,379
"624","E.8.A","E.8","Encarsia_formosa",0,0
"625","E.8.B","E.8","Shelfordella_lateralis",1,1111
"626","E.8.B","E.8","Gryllus_bimaculatus",1,2061
"627","E.8.B","E.8","Gryllodes_sigillatus",1,0
"628","E.8.B","E.8","Drosophila_yakuba",1,517
"629","E.8.B","E.8","Drosophila_hydei",1,15
"630","E.8.B","E.8","Hermetia_illucens",0,0
"631","E.8.B","E.8","Stick_insect",1,1292
"632","E.8.B","E.8","Cryptolaemus_montrouzieri",0,0
"633","E.8.B","E.8","Dacnusa_sibirica",1,4
"634","E.8.B","E.8","Drosophila_melanogaster",3,326
"635","E.8.B","E.8","Aphidoletes_aphidimyza",1,51
"636","E.8.B","E.8","Encarsia_formosa",0,0
"637","E.8.C","E.8","Shelfordella_lateralis",1,1069
"638","E.8.C","E.8","Gryllus_bimaculatus",1,1119
"639","E.8.C","E.8","Gryllodes_sigillatus",1,740
"640","E.8.C","E.8","Drosophila_yakuba",1,91
"641","E.8.C","E.8","Drosophila_hydei",1,20
"642","E.8.C","E.8","Hermetia_illucens",0,0
"643","E.8.C","E.8","Stick_insect",1,314
"644","E.8.C","E.8","Cryptolaemus_montrouzieri",0,0
"645","E.8.C","E.8","Dacnusa_sibirica",1,40
"646","E.8.C","E.8","Drosophila_melanogaster",3,394
"647","E.8.C","E.8","Aphidoletes_aphidimyza",1,99
"648","E.8.C","E.8","Encarsia_formosa",0,0
"649","E.9.A","E.9","Shelfordella_lateralis",1,1782
"650","E.9.A","E.9","Gryllus_bimaculatus",1,726
"651","E.9.A","E.9","Gryllodes_sigillatus",1,780
"652","E.9.A","E.9","Drosophila_yakuba",1,350
"653","E.9.A","E.9","Drosophila_hydei",1,88
"654","E.9.A","E.9","Hermetia_illucens",1,2
"655","E.9.A","E.9","Stick_insect",0,0
"656","E.9.A","E.9","Cryptolaemus_montrouzieri",1,139
"657","E.9.A","E.9","Dacnusa_sibirica",5,638
"658","E.9.A","E.9","Drosophila_melanogaster",0,0
"659","E.9.A","E.9","Aphidoletes_aphidimyza",3,242
"660","E.9.A","E.9","Encarsia_formosa",0,0
"661","E.9.B","E.9","Shelfordella_lateralis",1,647
"662","E.9.B","E.9","Gryllus_bimaculatus",1,1284
"663","E.9.B","E.9","Gryllodes_sigillatus",1,1094
"664","E.9.B","E.9","Drosophila_yakuba",1,117
"665","E.9.B","E.9","Drosophila_hydei",1,36
"666","E.9.B","E.9","Hermetia_illucens",1,7
"667","E.9.B","E.9","Stick_insect",0,0
"668","E.9.B","E.9","Cryptolaemus_montrouzieri",1,56
"669","E.9.B","E.9","Dacnusa_sibirica",5,414
"670","E.9.B","E.9","Drosophila_melanogaster",0,0
"671","E.9.B","E.9","Aphidoletes_aphidimyza",3,198
"672","E.9.B","E.9","Encarsia_formosa",0,0
"673","E.9.C","E.9","Shelfordella_lateralis",1,2734
"674","E.9.C","E.9","Gryllus_bimaculatus",1,1060
"675","E.9.C","E.9","Gryllodes_sigillatus",1,926
"676","E.9.C","E.9","Drosophila_yakuba",1,244
"677","E.9.C","E.9","Drosophila_hydei",1,15
"678","E.9.C","E.9","Hermetia_illucens",1,4
"679","E.9.C","E.9","Stick_insect",0,0
"680","E.9.C","E.9","Cryptolaemus_montrouzieri",1,27
"681","E.9.C","E.9","Dacnusa_sibirica",5,235
"682","E.9.C","E.9","Drosophila_melanogaster",0,0
"683","E.9.C","E.9","Aphidoletes_aphidimyza",3,111
"684","E.9.C","E.9","Encarsia_formosa",0,0
